Order ID,Date,Category,Product Name,Region,Sales Rep,Quantity,Unit Price ($),Discount (%),Total Sales ($)
ORD-2026001,2026-01-01,Laptops,TechVolt SlimBook 13,Latin America,David Chen,5.0,1576.41,0.0,
ORD-2026002,2026-01-02,Accessories,144Hz Monitor,North America,David Chen,12.0,87.94,0.05,
ORD-2026003,2026-01-03,Components,1TB NVMe SSD,North America,Ahmed Hassan,10.0,568.84,0.0,
ORD-2026004,2026-01-04,Components,RTX 4060 GPU,Europe,Omar Khaled,10.0,536.29,0.05,
ORD-2026005,2026-01-05,Laptops,TechVolt Workstation Z,Latin America,Sarah Jenkins,5.0,1228.99,0.0,
ORD-2026006,2026-01-06,Laptops,TechVolt ProBook 15,North America,Ahmed Hassan,7.0,1550.87,0.2,
ORD-2026007,2026-01-07,Laptops,TechVolt Workstation Z,Asia-Pacific,Sarah Jenkins,4.0,1554.54,0.2,
ORD-2026008,2026-01-08,Accessories,144Hz Monitor,Asia-Pacific,Sarah Jenkins,1.0,47.53,0.05,
ORD-2026009,2026-01-09,Components,32GB DDR5 RAM,North America,Omar Khaled,14.0,556.15,0.05,
ORD-2026010,2026-01-10,Components,RTX 4060 GPU,Asia-Pacific,Sarah Jenkins,14.0,377.36,0.0,
ORD-2026011,2026-01-11,Laptops,TechVolt SlimBook 13,Europe,Sarah Jenkins,5.0,1626.46,0.1,
ORD-2026012,2026-01-12,Accessories,USB-C Docking Station,Europe,Omar Khaled,7.0,84.41,0.05,
ORD-2026013,2026-01-13,Accessories,Wireless Mouse,Europe,Sarah Jenkins,10.0,182.24,0.0,
ORD-2026014,2026-01-14,Laptops,TechVolt SlimBook 13,Europe,Sarah Jenkins,10.0,1189.2,0.15,
ORD-2026015,2026-01-15,Laptops,TechVolt SlimBook 13,North America,Sarah Jenkins,6.0,810.84,0.1,
ORD-2026016,2026-01-16,Laptops,TechVolt ProBook 15,Asia-Pacific,Ahmed Hassan,5.0,1705.38,0.15,
ORD-2026017,2026-01-17,Laptops,TechVolt Workstation Z,North America,Ahmed Hassan,4.0,891.29,0.1,
ORD-2026018,2026-01-18,Components,RTX 4060 GPU,North America,Ahmed Hassan,2.0,293.69,0.05,
ORD-2026019,2026-01-19,Components,Ryzen 7 Processor,North America,Omar Khaled,4.0,577.53,0.05,
ORD-2026020,2026-01-20,Laptops,TechVolt SlimBook 13,Europe,David Chen,10.0,1750.61,0.15,
ORD-2026021,2026-01-21,Components,1TB NVMe SSD,Asia-Pacific,Sarah Jenkins,10.0,408.05,0.15,
ORD-2026022,2026-01-22,Laptops,TechVolt SlimBook 13,North America,Sarah Jenkins,3.0,1431.84,0.0,
ORD-2026023,2026-01-23,Laptops,TechVolt Gaming FX,Europe,Omar Khaled,10.0,1248.45,0.0,
ORD-2026024,2026-01-24,Laptops,TechVolt Workstation Z,North America,Sarah Jenkins,1.0,1093.21,0.0,
ORD-2026025,2026-01-25,Components,32GB DDR5 RAM,Europe,Ahmed Hassan,8.0,297.9,0.1,
ORD-2026026,2026-01-26,Accessories,Mechanical Keyboard,North America,David Chen,5.0,144.33,0.2,
ORD-2026027,2026-01-27,Laptops,TechVolt ProBook 15,Asia-Pacific,Elena Rostova,13.0,1552.37,0.0,
ORD-2026028,2026-01-28,Components,32GB DDR5 RAM,Europe,Sarah Jenkins,4.0,506.21,0.05,
ORD-2026029,2026-01-29,Components,RTX 4060 GPU,Latin America,Ahmed Hassan,8.0,505.33,0.0,
ORD-2026030,2026-01-30,Laptops,TechVolt ProBook 15,North America,Elena Rostova,7.0,891.21,0.2,
ORD-2026031,2026-01-31,Components,32GB DDR5 RAM,North America,David Chen,2.0,372.49,0.1,
ORD-2026032,2026-02-01,Laptops,TechVolt Workstation Z,North America,Elena Rostova,1.0,857.56,0.1,
ORD-2026033,2026-02-02,Laptops,TechVolt Workstation Z,Latin America,Ahmed Hassan,12.0,1349.53,0.05,
ORD-2026034,2026-02-03,Accessories,144Hz Monitor,Latin America,Elena Rostova,11.0,105.06,0.05,
ORD-2026035,2026-02-04,Accessories,144Hz Monitor,North America,Omar Khaled,4.0,180.91,0.0,
ORD-2026036,2026-02-05,Accessories,144Hz Monitor,Asia-Pacific,Elena Rostova,8.0,89.66,0.0,
ORD-2026037,2026-02-06,Laptops,TechVolt Gaming FX,Asia-Pacific,Sarah Jenkins,12.0,917.07,0.15,
ORD-2026038,2026-02-07,Laptops,TechVolt Gaming FX,Europe,Sarah Jenkins,2.0,942.99,0.1,
ORD-2026039,2026-02-08,Components,1TB NVMe SSD,Europe,Omar Khaled,3.0,492.68,0.2,
ORD-2026040,2026-02-09,Components,Ryzen 7 Processor,North America,Ahmed Hassan,12.0,428.2,0.2,
ORD-2026041,2026-02-10,Laptops,TechVolt Gaming FX,North America,Sarah Jenkins,1.0,901.12,0.05,
ORD-2026042,2026-02-11,Components,1TB NVMe SSD,Latin America,David Chen,1.0,187.85,0.1,
ORD-2026043,2026-02-12,Laptops,TechVolt Workstation Z,Latin America,Sarah Jenkins,13.0,1500.97,0.15,
ORD-2026044,2026-02-13,Accessories,Wireless Mouse,Europe,Sarah Jenkins,3.0,42.37,0.1,
ORD-2026045,2026-02-14,Laptops,TechVolt SlimBook 13,North America,Ahmed Hassan,11.0,1621.86,0.0,
ORD-2026046,2026-02-15,Components,32GB DDR5 RAM,North America,Elena Rostova,5.0,467.81,0.05,
ORD-2026047,2026-02-16,Laptops,TechVolt ProBook 15,Asia-Pacific,Sarah Jenkins,12.0,881.35,0.0,
ORD-2026048,2026-02-17,Components,RTX 4060 GPU,Latin America,Omar Khaled,3.0,188.18,0.2,
ORD-2026049,2026-02-18,Components,RTX 4060 GPU,Latin America,Elena Rostova,1.0,593.99,0.05,
ORD-2026050,2026-02-19,Laptops,TechVolt SlimBook 13,Asia-Pacific,David Chen,1.0,1174.27,0.0,
ORD-2026051,2026-02-20,Accessories,Mechanical Keyboard,Europe,Ahmed Hassan,8.0,93.01,0.05,
ORD-2026052,2026-02-21,Accessories,Wireless Mouse,North America,David Chen,10.0,168.18,0.05,
ORD-2026053,2026-02-22,Accessories,144Hz Monitor,North America,Elena Rostova,11.0,191.03,0.0,
ORD-2026054,2026-02-23,Accessories,Wireless Mouse,Latin America,Elena Rostova,12.0,197.62,0.0,
ORD-2026055,2026-02-24,Components,RTX 4060 GPU,Europe,Elena Rostova,13.0,489.02,0.05,
ORD-2026056,2026-02-25,Accessories,USB-C Docking Station,North America,David Chen,13.0,93.96,0.05,
ORD-2026057,2026-02-26,Laptops,TechVolt SlimBook 13,North America,Elena Rostova,12.0,883.5,0.1,
ORD-2026058,2026-02-27,Laptops,TechVolt Gaming FX,Asia-Pacific,David Chen,14.0,1577.15,0.05,
ORD-2026059,2026-02-28,Laptops,TechVolt Workstation Z,North America,Elena Rostova,2.0,1358.4,0.15,
ORD-2026060,2026-03-01,Laptops,TechVolt SlimBook 13,North America,Omar Khaled,13.0,1224.22,0.05,
ORD-2026061,2026-03-02,Laptops,TechVolt ProBook 15,Europe,Elena Rostova,3.0,1706.35,0.05,
ORD-2026062,2026-03-03,Laptops,TechVolt Gaming FX,Asia-Pacific,David Chen,2.0,911.2,0.15,
ORD-2026063,2026-03-04,Accessories,Wireless Mouse,Asia-Pacific,Sarah Jenkins,3.0,113.75,0.05,
ORD-2026064,2026-03-05,Laptops,TechVolt ProBook 15,North America,Elena Rostova,7.0,811.35,0.0,
ORD-2026065,2026-03-06,Laptops,TechVolt SlimBook 13,Asia-Pacific,Sarah Jenkins,1.0,1268.66,0.0,
ORD-2026066,2026-03-07,Components,32GB DDR5 RAM,North America,Omar Khaled,10.0,175.34,0.1,
ORD-2026067,2026-03-08,Laptops,TechVolt Workstation Z,North America,Ahmed Hassan,8.0,918.82,0.05,
ORD-2026068,2026-03-09,Accessories,144Hz Monitor,Asia-Pacific,Omar Khaled,13.0,49.98,0.1,
ORD-2026069,2026-03-10,Laptops,TechVolt SlimBook 13,Europe,Elena Rostova,10.0,1449.21,0.0,
ORD-2026070,2026-03-11,Accessories,USB-C Docking Station,Asia-Pacific,Sarah Jenkins,10.0,156.83,0.0,
ORD-2026071,2026-03-12,Accessories,Mechanical Keyboard,Asia-Pacific,Sarah Jenkins,10.0,129.17,0.0,
ORD-2026072,2026-03-13,Laptops,TechVolt Workstation Z,Europe,David Chen,14.0,1762.17,0.0,
ORD-2026073,2026-03-14,Laptops,TechVolt Workstation Z,North America,Sarah Jenkins,2.0,1174.87,0.05,
ORD-2026074,2026-03-15,Accessories,144Hz Monitor,Europe,David Chen,3.0,78.57,0.0,
ORD-2026075,2026-03-16,Components,RTX 4060 GPU,North America,Ahmed Hassan,9.0,540.87,0.05,
ORD-2026076,2026-03-17,Components,Ryzen 7 Processor,North America,Elena Rostova,7.0,250.62,0.15,
ORD-2026077,2026-03-18,Accessories,Wireless Mouse,Latin America,David Chen,4.0,193.75,0.0,
ORD-2026078,2026-03-19,Laptops,TechVolt Gaming FX,Europe,Ahmed Hassan,10.0,812.15,0.05,
ORD-2026079,2026-03-20,Laptops,TechVolt ProBook 15,Latin America,Sarah Jenkins,5.0,1769.88,0.1,
ORD-2026080,2026-03-21,Laptops,TechVolt Gaming FX,Europe,Sarah Jenkins,2.0,843.16,0.0,
ORD-2026081,2026-03-22,Accessories,144Hz Monitor,Asia-Pacific,Ahmed Hassan,13.0,181.49,0.05,
ORD-2026082,2026-03-23,Components,Ryzen 7 Processor,Europe,Sarah Jenkins,11.0,387.47,0.15,
ORD-2026083,2026-03-24,Laptops,TechVolt Gaming FX,Europe,Ahmed Hassan,13.0,1792.96,0.15,
ORD-2026084,2026-03-25,Laptops,TechVolt SlimBook 13,Europe,David Chen,8.0,873.8,0.0,
ORD-2026085,2026-03-26,Laptops,TechVolt Gaming FX,North America,David Chen,4.0,1353.85,0.15,
ORD-2026086,2026-03-27,Laptops,TechVolt SlimBook 13,Asia-Pacific,Ahmed Hassan,9.0,1769.3,0.05,
ORD-2026087,2026-03-28,Components,RTX 4060 GPU,North America,David Chen,5.0,385.39,0.0,
ORD-2026088,2026-03-29,Components,RTX 4060 GPU,North America,David Chen,13.0,433.23,0.05,
ORD-2026089,2026-03-30,Accessories,Wireless Mouse,Europe,David Chen,9.0,148.28,0.2,
ORD-2026090,2026-03-31,Components,Ryzen 7 Processor,North America,Omar Khaled,4.0,354.54,0.05,
ORD-2026091,2026-04-01,Laptops,TechVolt ProBook 15,Latin America,Elena Rostova,10.0,1427.56,0.0,
ORD-2026092,2026-04-02,Components,1TB NVMe SSD,Latin America,Sarah Jenkins,5.0,412.94,0.05,
ORD-2026093,2026-04-03,Accessories,Wireless Mouse,Latin America,Omar Khaled,9.0,183.2,0.0,
ORD-2026094,2026-04-04,Components,32GB DDR5 RAM,Europe,David Chen,8.0,170.45,0.0,
ORD-2026095,2026-04-05,Accessories,Mechanical Keyboard,North America,Ahmed Hassan,3.0,77.76,0.0,
ORD-2026096,2026-04-06,Components,Ryzen 7 Processor,Latin America,David Chen,1.0,577.69,0.0,
ORD-2026097,2026-04-07,Components,32GB DDR5 RAM,Europe,Elena Rostova,3.0,550.62,0.0,
ORD-2026098,2026-04-08,Components,1TB NVMe SSD,Latin America,David Chen,4.0,355.05,0.0,
ORD-2026099,2026-04-09,Laptops,TechVolt ProBook 15,Latin America,Ahmed Hassan,2.0,1420.13,0.05,
ORD-2026100,2026-04-10,Laptops,TechVolt Workstation Z,Latin America,Elena Rostova,1.0,1077.38,0.0,
Total / Average,,,,,,,,,
